Papeteria Kugelschreiber	3.25	6.5
Wassermelone mini	2.5	4.4
Papeteria Bleistifte mit Radierer	2.3	3.9
Ellen Amber BIO Damen Socken Roll Up 2er Pack	NaN	8.9
John Adams Herren Socken Relax 2er Pack	NaN	10.9
Schweinshalssteak	1.65	2.75
Victorinox Tomatenmesser	2.7	4.5
Papeteria Ringbuch-Block A4, 4mm kariert (100 Blatt)	5.4	9
Papeteria Ringbuch-Block A4, 5mm kariert (100 Blatt)	5.4	9
Papeteria Zeigetaschen PP A4	4.2	7
Elbeo Herren Socken Das Perfekte Trio	9.6	16
Elbeo Herren Socken Bamboo	10.2	17
Elbeo Herren Sneakers Das Perfekte Trio	8.4	14
Elbeo Herren Socken Pure Cotton	7.8	13
Elbeo Herren Socken Fil D'Ecosse	8.4	14
Elbeo Herren Kniesocken Bambus Travel	11.4	19
Elbeo Herren Socken Classic Wool	10.8	18
Elbeo Herren Kniesocken Classic Wool	11.4	19
Elbeo Herren Sneakers	5.4	9
Elbeo Herren Sneakers Bambus	6	10
Ellen Amber Damen Strumpfhosen Young Trend	2.1	3.5
Ellen Amber Damen Kniestrümpfe Young Trend	2.1	3.5
Ellen Amber Damen Kniestrümpfe Crêpe	2.1	3.5
Ellen Amber Damen Kniestrümpfe Satin	2.1	3.5
Ellen Amber Damen Kniestrümpfe Cotton	2.1	3.5
Ellen Amber Damen Strumpfhosen Compact Light	8.4	14
Ellen Amber Damen Strumpfhosen Vitale	7.2	12
Ellen Amber Damen Strumpfhosen Compact Medium	8.4	14
Ellen Amber Damen Strumpfhosen Support	7.2	12
Ellen Amber Damen Kniestrümpfe Everyday 40Den	5.1	8.5
Ellen Amber Damen Kniestrümpfe Everyday Crêpe	2.1	3.5
Ellen Amber Damen Söckchen Everyday Crêpe	2.1	3.5
Dim Damen Strumpfhosen	8.1	13.5
Dim Damen Strumpfhosen	5.7	9.5
Dim Damen Strumpfhosen	9.3	15.5
Dim Damen Stay-Up	8.1	13.5
Dim Damen Strumpfhosen	8.7	14.5
Dim Damen Strumpfhosen	8.1	13.5
Dim Damen Strumpfhosen	4.5	7.5
Elbeo Damen Strumpfhosen	11.4	19
Elbeo Damen Strumpfhosen	10.2	17
Elbeo Damen Strumpfhosen	11.4	19
Elbeo Damen Strumpfhose	8.1	13.5
Elbeo Damen Strumpfhose	23.7	39.5
Elbeo Damen Strumpfhosen	11.4	19
Dim Damen Kniestrümpfe	4.5	7.5
Dim Damen Söckchen	4.5	7.5
Dim Damen Söckchen	4.5	7.5
Ellen Amber Damen Kniestrümpfe Compact Medium	4.15	6.9
Dim Damen Strumpfhosen	4.75	7.9
Dim Damen Kniestrümpfe	4.75	7.9
Dim Damen Kniestrümpfe	5.35	8.9
Ellen Amber Damen Strumpfhosen Anti Cellulite 40Den	8.9	14.8
Ellen Amber Damen Leggings Anti Cellulite 70Den	10.7	17.8
Dim Damen Kniestrümpfe	4.75	7.9
Dim Damen Kniestrümpfe	4.75	7.9
Ellen Amber Damen Socken Soft Touch 2er Pack	4.75	7.9
S.Oliver Damen Socken 2er Pack	5.95	9.9
Ellen Amber BIO Damen Slippers 2er Pack	5.35	8.9
Ellen Amber Damen Kniesocken Cotton & Wool 1er Pack	6.5	10.8
Ellen Amber Damen Kniesocken Fly & Drive 1er Pack	5.35	8.9
Ellen Amber BIO Damen Socken Antigliss 1er Pack	3.55	5.9
Ellen Amber Damen Socken Cotton & Wool 1er Pack	4.75	7.9
Ellen Amber Damen Socken Antigliss 1er	4.75	7.9
Ellen Amber Damen Sneakers Bamboo 2er Pack	4.15	6.9
Ellen Amber Damen Kurzsocken Perfect Fit 2er Pack	4.75	7.9
Ellen Amber Damen Kurzsocken Running 2er Pack	4.75	7.9
Ellen Amber Damen Socken Modal 2er Pack	5.95	9.9
Dim Damen Kniestrümpfe	5.95	9.9
Dim Damen Kniestrümpfe	4.75	7.9
Dim Damen Söckchen	4.75	7.9
Ellen Amber BIO Damen Socken 10er Pack HIT	10.2	16.95
Ellen Amber Damen Socken 10er Pack HIT	10.2	16.95
S.Oliver Damen Socken 2er Pack	5.95	9.9
S.Oliver Damen Sneakers 3er Pack	5.95	9.9
S.Oliver Damen Kurzsocken 3er Pack	5.95	9.9
Ellen Amber Damen Slippers 2er Pack Basic	3.55	5.9
Ellen Amber Damen Slippers 2er Pack Cotton	3.55	5.9
Ellen Amber Damen Slippers 2Er Pack Invisible	4.75	7.9
Ellen Amber Damen Slippers Fashion	4.75	7.9
Ellen Amber Damen Strumpfhosen	8.9	14.8
Ellen Amber Damen Leggings	15	24.95
Ellen Amber Damen Leggings	15	24.95
Ellen Amber Damen Leggings	15	24.95
Ellen Amber Damen Leggings	15	24.95
Ellen Amber Damen Leggings	15	24.95
Ellen Amber Damen Leggings	15	24.95
Ellen Amber Damen Leggings	15	24.95
Ellen Amber Damen Leggings	15	24.95
Ellen Amber Damen Leggings	15	24.95
Ellen Amber Damen Leggings	15	24.95
Ellen Amber Damen Leggings	15	24.95
Ellen Amber Damen Leggings	15	24.95
Ellen Amber Damen Leggings	15	24.95
Ellen Amber Damen Leggings	15	24.95
Ellen Amber Damen Leggings	15	24.95
Ellen Amber Damen Söckchen	3.6	5.95
Ellen Amber Damen Söckchen	3.6	5.95
Cucina & Tavola Karaffe	3	4.95
Cucina & Tavola CLASSICO Hot Shot Hot Shot	3	4.95
Cucina & Tavola Latte Macchiato Glas 28cl	3	4.95
Victorinox Gemüsemesser	3	4.95
Victorinox Pizza-/ Steakmesser	3	4.95
Victorinox Rüstmesser	2	3.3
Victorinox Tomatenmesser	2	3.3
Cucina & Tavola Küchenschere	3	4.95
Cucina & Tavola Kunststoffmesser	3	4.95
Coca-Cola	7.95	12
Coca-Cola Light	7.95	12
Coca-Cola Zero	7.95	12
Volvic Essence Zitrone-Apfel	1.3	1.95
Badoit	3.3	4.95
Badoit	3.8	5.7
Contrex	4.8	7.2
Tangan N11 Frischhaltefolie	5.7	8.55
Tangan Folien Trio	5.3	7.95
Tangan N°24 Zip Beutel	7.3	10.95
BIC Tipp-Ex Micro Tape Twist Korrekturroller	8.4	12.6
Papeteria Kartonregister Bunt (6-teilig) - 6 Stück	3.5	5.25
Papeteria Bundesordner - 7cm	6.5	9.75
BIC Mini Pocket Mouse Trio	6.95	10.4
Bellcolor Zeichenblock A4 Weiss	3.95	5.9
Pampers Pure Protection Gr.1, 2-5kg	8.65	12.9
Pampers Pure Protection Gr.2, 4-8kg	8.65	12.9
Pampers Pure Protection Gr.3, 6-10kg	8.65	12.9
Pampers Baby Dry Pants Gr. 3, Midi 6-11kg	13.35	19.9
Pampers Baby Dry Pants Gr. 4, Maxi 9-15kg	13.35	19.9
Pampers Baby Dry Pants Gr. 5, Junior 12-17kg	13.35	19.9
Pampers Baby Dry Pants Gr. 6, Extra Large 15+kg	13.35	19.9
Pampers Baby Dry Pants Gr. 7, Extra Large Plus 17+kg	13.35	19.9
Pampers Premium Protection New Baby Gr. 2, 4-8kg	12.7	18.9
Pampers Premium Protection Gr. 4, 9-14kg	12.7	18.9
Pampers Premium Protection Gr. 5, 11-16kg	12.7	18.9
Pampers Premium Protection Gr. 6 XL, 13-18kg	12.7	18.9
Pampers Premium Protection Gr. 3, 6-10kg	12.7	18.9
Pampers Premium Protection Pants Maxi Gr. 4, 9-15kg	12.7	18.9
Pampers Premium Protection Pants Junior Gr. 5, 12-17kg	12.7	18.9
Pampers Premium Protection Pants XL Gr. 6, 15+kg	12.7	18.9
Pampers Baby Dry Gr. 3, Midi 6-10kg	12.7	18.9
Pampers Baby Dry Gr. 4, Maxi 9-14kg	12.7	18.9
Pampers Baby Dry Gr. 4+, Maxi Plus 10-15kg	12.7	18.9
Pampers Baby Dry Gr. 5, Junior 11-16kg	12.7	18.9
Pampers Baby Dry Gr. 5+, Junior Plus 12-17kg	12.7	18.9
Pampers Baby Dry Gr. 7, Extra Large 15+kg	12.7	18.9
